{
  "dbType": "ORACLE",
  "dbLabel": "Oracle",
  "icon": "oracle",
  "options": [
    {
      "code": "driverId",
      "required": true
    },
    {
      "code": "AuthenticationType",
      "candidate": [
        "password",
        "kerberos"
      ],
      "defaultValue": 0,
      "required": true
    },
    {
      "code": "connectMode",
      "candidate": [
        "SID",
        "Service Name"
      ],
      "defaultValue": "SID",
      "required": true
    },
    {
      "code": "DatabaseName",
      "defaultValue": "",
      "required": true
    },
    {
      "code": "SelectedSchemas",
      "required": false
    },
    {
      "code": "InstanceName",
      "required": true
    }
  ]
}
